{
  "Trigger": {
    "Name": "CP_SYSTEM_NOTIFIES_PAYMENT_COMPLETED",
    "Handle": "handle",
    "Screen_Available": "FULL_SCREEN",
    "Payload": {
      "Holder_Auth": "SIGNATURE"
    },
    "Transaction_Context": {
      "Transaction_Originator": "PAYMENT_APPLICATION",
      "Invoice": "72135",
      "Store_Num": "1091",
      "Lane": "9",
      "Cashier_Id": "Cathy",
      "Transaction_Type": "PAYMENT",
      "Trans_Amount": "18.90",
      "PAN_Handle": "9898987673",
      "PAN_Last4": "7767",
      "Card_Type": "CHIP",
      "Auth_Code": "765945",
      "Auth_Result": "AUTHORIZED_ONLINE",
      "Acquirer_Merchant_Id": "AFG3456",
      "Acquirer_Terminal_Id": "123-456-897",
      "Acquirer_Id": "4654",
      "Gateway_Merchant_Id": "125ef5",
      "Gateway_Terminal_Id": "566899-12",
      "Trans_Id": "",
      "Card_Currency": "",
      "Card_Country": "",
      "Card_Preferred_Languages": [],
      "Auth_Entity": "MERCHANT",
      "Payment_Methods": []
    }
  }
}
