{
  "Trigger": {
    "Name": "CP_SYSTEM_NOTIFIES_CARD_PRESENTED",
    "Handle": "handle",
    "Screen_Available": "FULL_SCREEN",
    "Payload": {
      "Trans_Amount": "8.19",
      "Currency": "USD",
      "Trans_Id": "00045903672",
      "PAN_Handle": "9898987673",
      "PAN_Last4": "7767",
      "Card_Type": "CHIP",
      "Card_Currency": "USD",
      "Card_Country": "US",
      "Card_Preferred_Languages": [
        "en",
        "fr",
        "es",
        "am"
      ]
    },
    "Transaction_Context": {
      "Transaction_Originator": "PAYMENT_APPLICATION",
      "Invoice": "72135",
      "Store_Num": "1091",
      "Lane": "9",
      "Cashier_Id": "Cathy",
      "Transaction_Type": "PAYMENT",
      "Acquirer_Merchant_Id": "AFG3456",
      "Acquirer_Terminal_Id": "123-456-897",
      "Acquirer_Id": "4654",
      "Gateway_Merchant_Id": "125ef5",
      "Gateway_Terminal_Id": "566899-12"
    }
  }
}
